station_id	longitude	latitude	station_name	state	established	MLLW	NAVD88	tideType	waterBody	source	MLLW	NAVD88	timezone	timezonecorr
1611400	-159.3561	21.9544	Nawiliwili	HI	1954-11-24 00:00:00.0	0.6979920000000001		Mixed		noaa	0.6979920000000001		HAST	-10.0
1612340	-157.867	21.306694	Honolulu	HI	1905-01-01 00:00:00.0	1.161288		Mixed		noaa	1.161288		HAST	-10.0
1612480	-157.79	21.433056	Mokuoloe	HI	1957-05-03 00:00:00.0	0.890016		Mixed		noaa	0.890016		HAST	-10.0
1615680	-156.476694	20.895	Kahului, Kahului Harbor	HI	1946-12-19 00:00:00.0	0.7345680000000001		Mixed		noaa	0.7345680000000001		HAST	-10.0
1617433	-155.8294	20.0366	Kawaihae	HI	1988-02-06 00:00:00.0	0.8686800000000001		Mixed		noaa	0.8686800000000001		HAST	-10.0
1617760	-155.06	19.73028	Hilo, Hilo Bay, Kuhio Bay	HI	1946-11-30 00:00:00.0	1.194816		Mixed		noaa	1.194816		HAST	-10.0
1619910	-177.36	28.2117	Sand Island, Midway Islands	United States of America	1947-02-02 00:00:00.0	0.8229600000000001		Mixed		noaa	0.8229600000000001		SST	-11.0
1630000	144.656361	13.44339	Apra Harbor, Guam	United States of America	1948-03-11 00:00:00.0	0.408432		Mixed		noaa	0.408432		ChST	10.0
1631428	144.796944	13.428333	Pago Bay, Guam	United States of America	2004-04-22 00:00:00.0	7.424928		Mixed		noaa	7.424928		ChST	10.0
1820000	167.736115	8.7317	Kwajalein, Marshall Islands	United States of America	1946-06-10 00:00:00.0	0.890016		Mixed		noaa	0.890016		NZST	12.0
1890000	166.6175	19.290556	Wake Island, Pacific Ocean	United States of America	1950-05-29 00:00:00.0	1.261872		Mixed		noaa	1.261872		NZST	12.0
8311030	-75.494	44.701668	Ogdensburg	NY	1900-09-01 00:00:00.0			Great Lakes		noaa			EST	-5.0
8311062	-75.934528	44.33111	Alexandria Bay	NY	1983-06-01 00:00:00.0			Great Lakes		noaa			EST	-5.0
8410140	-66.982903	44.904598	Eastport	ME	1929-09-12 00:00:00.0	1.46304	4.489704000000001	Mixed		noaa	1.46304	4.489704000000001	EST	-5.0
8411060	-67.204666	44.657028	Cutler Farris Wharf	ME	1963-09-25 00:00:00.0	1.667256	3.959352	Mixed		noaa	1.667256	3.959352	EST	-5.0
8413320	-68.204278	44.392194	Bar Harbor	ME	1947-08-16 00:00:00.0	1.0576560000000002		Mixed		noaa	1.0576560000000002		EST	-5.0
8418150	-70.24417	43.65806	Portland	ME	1910-03-04 00:00:00.0	2.60604	4.209288000000001	Mixed		noaa	2.60604	4.209288000000001	EST	-5.0
8419317	-70.563306	43.32	Wells	ME	1999-06-10 00:00:00.0	4.501896	6.068568	Mixed		noaa	4.501896	6.068568	EST	-5.0
8419870	-70.741111	43.079722	Seavey Island	ME	1926-08-26 00:00:00.0	0.71628	2.124456	Mixed		noaa	0.71628	2.124456	EST	-5.0
8443970	-71.0534	42.354801	Boston	MA	1921-05-03 00:00:00.0	1.072896	2.752344	Mixed		noaa	1.072896	2.752344	EST	-5.0
8447386	-71.164111	41.704306	Fall River	MA	1955-10-28 00:00:00.0	6.361176	7.095744000000001	Mixed		noaa	6.361176	7.095744000000001	EST	-5.0
8447435	-69.95083	41.688056	Chatham, Lydia Cove	MA	1955-04-27 00:00:00.0	1.2771120000000002	2.036064	Mixed		noaa	1.2771120000000002	2.036064	EST	-5.0
8447930	-70.671112	41.523613	Woods Hole	MA	1932-07-16 00:00:00.0	0.7985760000000001	1.213104	Mixed		noaa	0.7985760000000001	1.213104	EST	-5.0
8449130	-70.09639	41.285278	Nantucket Island	MA	1963-10-04 00:00:00.0	0.9144		Mixed		noaa	0.9144		EST	-5.0
8452660	-71.326139	41.504333	Newport	RI	1930-09-11 00:00:00.0	0.576072	1.197864	Mixed		noaa	0.576072	1.197864	EST	-5.0
8452944	-71.343333	41.716667	Conimicut Light	RI	1999-09-28 00:00:00.0	5.6509920000000005		Mixed		noaa	5.6509920000000005		EST	-5.0
8454000	-71.401199	41.807098	Providence	RI	1938-06-03 00:00:00.0	1.063752	1.816608	Mixed		noaa	1.063752	1.816608	EST	-5.0
8454049	-71.41	41.58694	Quonset Point	RI	1999-09-24 00:00:00.0	7.013448000000001	7.6962	Mixed		noaa	7.013448000000001	7.6962	EST	-5.0
8461490	-72.089996	41.361401	New London	CT	1938-06-11 00:00:00.0	1.072896	1.633728	Mixed		noaa	1.072896	1.633728	EST	-5.0
8465705	-72.908333	41.283333	New Haven	CT	1999-08-11 00:00:00.0	5.614416000000001		Mixed		noaa	5.614416000000001		EST	-5.0
8467150	-73.181702	41.173302	Bridgeport	CT	1932-06-10 00:00:00.0	0.603504	1.7739360000000002	Mixed		noaa	0.603504	1.7739360000000002	EST	-5.0
8510560	-71.959444	41.048333	Montauk	NY	1947-09-05 00:00:00.0	1.176528	1.655064	Mixed		noaa	1.176528	1.655064	EST	-5.0
8516945	-73.765	40.810306	Kings Point	NY	1998-10-27 00:00:00.0	3.925824	5.2090320000000006	Mixed		noaa	3.925824	5.2090320000000006	EST	-5.0
8518750	-74.014167	40.700556	The Battery	NY	1920-05-24 00:00:00.0	1.002792	1.847088	Mixed		noaa	1.002792	1.847088	EST	-5.0
8518962	-73.939167	42.014167	Turkey Point Hudson River NERRS	NY	2017-06-20 00:00:00.0	7.659624		Mixed		noaa	7.659624		EST	-5.0
8519483	-74.146306	40.6391	Bergen Point West Reach	NY	1981-09-17 00:00:00.0	1.2923520000000002		Mixed		noaa	1.2923520000000002		EST	-5.0
8531680	-74.009444	40.466944	Sandy Hook	NJ	1910-01-07 00:00:00.0	0.765048	1.624584	Mixed		noaa	0.765048	1.624584	EST	-5.0
8534720	-74.418053	39.356667	Atlantic City	NJ	1911-08-15 00:00:00.0	1.511808	2.3073360000000003	Mixed		noaa	1.511808	2.3073360000000003	EST	-5.0
8536110	-74.959722	38.967778	Cape May	NJ	1965-10-25 00:00:00.0	0.737616	1.6581120000000005	Mixed		noaa	0.737616	1.6581120000000005	EST	-5.0
8537121	-75.37668	39.30539	Ship John Shoal	NJ	1997-10-30 00:00:00.0	5.602224		Mixed		noaa	5.602224		EST	-5.0
8539094	-74.873333	40.08	Burlington, Delaware River	NJ	1977-02-21 00:00:00.0	5.1328320000000005		Mixed		noaa	5.1328320000000005		EST	-5.0
8540433	-75.409444	39.811667	Marcus Hook	PA	1981-09-10 00:00:00.0	6.59892	7.507224	Mixed		noaa	6.59892	7.507224	EST	-5.0
8545240	-75.141667	39.933333	Philadelphia	PA	1989-02-28 00:00:00.0	1.164336	2.109216	Mixed		noaa	1.164336	2.109216	EST	-5.0
8546252	-75.075	39.983333	Bridesburg	PA	1979-07-23 00:00:00.0	5.952744000000001		Mixed		noaa	5.952744000000001		EST	-5.0
8548989	-74.751889	40.137306	Newbold	PA	2001-10-27 00:00:00.0	4.364736000000001		Mixed		noaa	4.364736000000001		EST	-5.0
8551762	-75.5883	39.5817	Delaware City	DE	2001-10-08 00:00:00.0	6.82752		Mixed		noaa	6.82752		EST	-5.0
8551910	-75.571944	39.558333	Reedy Point	DE	1956-07-30 00:00:00.0	0.41148	1.316736	Mixed		noaa	0.41148	1.316736	EST	-5.0
8555889	-75.113	38.987	Brandywine Shoal Light	DE	1984-03-18 00:00:00.0	5.788152		Mixed		noaa	5.788152		EST	-5.0
8557380	-75.119164	38.78278	Lewes	DE	1919-01-14 00:00:00.0	0.847344	1.6489680000000002	Mixed		noaa	0.847344	1.6489680000000002	EST	-5.0
8570283	-75.091086	38.328267	Ocean City Inlet	MD	1978-06-05 00:00:00.0	2.456688	2.983992	Mixed		noaa	2.456688	2.983992	EST	-5.0
8571421	-76.0383	38.22	Bishops Head	MD	2005-03-22 00:00:00.0	8.82396	9.192768	Mixed		noaa	8.82396	9.192768	EST	-5.0
8571892	-76.061667	38.5725	Cambridge	MD	1980-10-21 00:00:00.0	0.749808	1.088136	Mixed		noaa	0.749808	1.088136	EST	-5.0
8573364	-76.244531	39.2134	Tolchester Beach	MD	1971-06-24 00:00:00.0	1.039368	1.338072	Mixed		noaa	1.039368	1.338072	EST	-5.0
8573927	-75.81	39.526667	Chesapeake City	MD	1972-11-15 00:00:00.0	0.96012	1.4478	Mixed		noaa	0.96012	1.4478	EST	-5.0
8574680	-76.579444	39.266944	Baltimore, Fort McHenry, Patapsco River	MD	1902-07-01 00:00:00.0	1.24968	1.5057120000000002	Mixed		noaa	1.24968	1.5057120000000002	EST	-5.0
8575512	-76.4816	38.98328	Annapolis	MD	1978-09-14 00:00:00.0	1.377696	1.612392	Mixed		noaa	1.377696	1.612392	EST	-5.0
8577330	-76.450833	38.317222	Solomons Island	MD	1937-11-05 00:00:00.0	1.1338560000000002	1.3929360000000002	Mixed		noaa	1.1338560000000002	1.3929360000000002	EST	-5.0
8594900	-77.0217	38.873	Washington	DC	1924-11-10 00:00:00.0	1.38684	1.81356	Mixed		noaa	1.38684	1.81356	EST	-5.0
8631044	-75.685833	37.607778	Wachapreague	VA	1978-06-28 00:00:00.0	0.707136	1.502664	Mixed		noaa	0.707136	1.502664	EST	-5.0
8632200	-75.988444	37.16519	Kiptopeke	VA	1951-08-22 00:00:00.0	1.103376	1.6855440000000002	Mixed		noaa	1.103376	1.6855440000000002	EST	-5.0
8635750	-76.464722	37.995278	Lewisetta	VA	1970-10-20 00:00:00.0	1.453896	1.70688	Mixed		noaa	1.453896	1.70688	EST	-5.0
8636580	-76.29	37.616111	Windmill Point	VA	1970-06-24 00:00:00.0	0.673608	1.0332720000000002	Mixed		noaa	0.673608	1.0332720000000002	EST	-5.0
8637689	-76.478806	37.2265	Yorktown USCG Training Center	VA	2004-01-22 00:00:00.0	1.58496	2.051304	Mixed		noaa	1.58496	2.051304	EST	-5.0
8638610	-76.330002	36.946701	Sewells Point	VA	1927-07-01 00:00:00.0	1.335024	1.8257520000000005	Mixed		noaa	1.335024	1.8257520000000005	EST	-5.0
8638901	-76.083298	37.032902	CBBT, Chesapeake Channel	VA	2016-10-15 00:00:00.0	1.3563600000000002		Mixed		noaa	1.3563600000000002		EST	-5.0
8639348	-76.301694	36.778306	Money Point	VA	1997-12-17 00:00:00.0	6.583680000000001		Mixed		noaa	6.583680000000001		EST	-5.0
8651370	-75.746694	36.183306	Duck	NC	1977-12-01 00:00:00.0	5.663183999999999	6.3306960000000005	Mixed		noaa	5.663183999999999	6.3306960000000005	EST	-5.0
8652587	-75.54806	35.795	Oregon Inlet Marina	NC	1974-08-14 00:00:00.0	0.789432	1.002792	Mixed		noaa	0.789432	1.002792	EST	-5.0
8654467	-75.704167	35.208639	USCG Station Hatteras	NC	2010-04-22 00:00:00.0	8.372856	8.491728	Mixed		noaa	8.372856	8.491728	EST	-5.0
8656483	-76.67	34.72	Beaufort, Duke Marine Lab	NC	1964-06-04 00:00:00.0	0.560832	1.194816	Mixed		noaa	0.560832	1.194816	EST	-5.0
8658120	-77.953611	34.2275	Wilmington	NC	1908-01-01 00:00:00.0	0.7467600000000001	1.53924	Mixed		noaa	0.7467600000000001	1.53924	EST	-5.0
8658163	-77.786667	34.213333	Wrightsville Beach	NC	2004-04-27 00:00:00.0	5.739383999999999	6.577584	Mixed		noaa	5.739383999999999	6.577584	EST	-5.0
8661070	-78.918306	33.655	Springmaid Pier	SC	1976-09-28 00:00:00.0	8.927592	9.890760000000002	Mixed		noaa	8.927592	9.890760000000002	EST	-5.0
8662245	-79.1867	33.3517	Oyster Landing (N Inlet Estuary)	SC	1982-12-13 00:00:00.0	1.216152	2.0391120000000003	Mixed		noaa	1.216152	2.0391120000000003	EST	-5.0
8665530	-79.923611	32.780833	Charleston, Cooper River Entrance	SC	1899-09-13 00:00:00.0	0.844296	1.801368	Mixed		noaa	0.844296	1.801368	EST	-5.0
8670870	-80.9017	32.0367	Fort Pulaski	GA	1935-07-01 00:00:00.0	1.0668	2.30124	Mixed		noaa	1.0668	2.30124	EST	-5.0
8720030	-81.465833	30.671389	Fernandina Beach	FL	1897-05-08 00:00:00.0	0.5181600000000001	1.682496	Mixed		noaa	0.5181600000000001	1.682496	EST	-5.0
8720218	-81.427889	30.398167	Mayport (Bar Pilots Dock)	FL	1995-08-01 00:00:00.0	2.7675840000000003	3.678936	Mixed		noaa	2.7675840000000003	3.678936	EST	-5.0
8720219	-81.559166	30.387222	Dames Point	FL	1977-08-12 00:00:00.0	1.164336	1.847088	Mixed		noaa	1.164336	1.847088	EST	-5.0
8720226	-81.659058	30.320499	Southbank Riverwalk, St Johns River	FL	1995-04-26 00:00:00.0	-0.399288	-0.003048	Mixed		noaa	-0.399288	-0.003048	EST	-5.0
8721604	-80.593056	28.415833	Trident Pier, Port Canaveral	FL	1994-10-13 00:00:00.0	5.486400000000001	6.348984	Mixed		noaa	5.486400000000001	6.348984	EST	-5.0
8722670	-80.034167	26.612778	Lake Worth Pier, Atlantic Ocean	FL	1970-04-14 00:00:00.0	9.140952	9.906	Mixed		noaa	9.140952	9.906	EST	-5.0
8722956	-80.116667	26.081667	South Port Everglades	FL	1973-07-20 00:00:00.0	7.354824	8.028432	Mixed		noaa	7.354824	8.028432	EST	-5.0
8723214	-80.161667	25.731667	Virginia Key, Biscayne Bay	FL	1994-01-26 00:00:00.0	3.0876240000000004	3.70332	Mixed		noaa	3.0876240000000004	3.70332	EST	-5.0
8723970	-81.1065	24.711	Vaca Key, Florida Bay	FL	1970-12-04 00:00:00.0	0.7741920000000001	1.182624	Diurnal		noaa	0.7741920000000001	1.182624	EST	-5.0
8724580	-81.80806	24.55083	Key West	FL	1913-01-18 00:00:00.0	1.389888	1.9263360000000005	Mixed		noaa	1.389888	1.9263360000000005	EST	-5.0
8725110	-81.8075	26.131667	Naples, Gulf of Mexico	FL	1965-03-04 00:00:00.0	0.6522720000000001	1.344168	Mixed		noaa	0.6522720000000001	1.344168	EST	-5.0
8725520	-81.871	26.648	Fort Myers	FL	1965-03-08 00:00:00.0	1.328928	1.6459200000000005	Mixed		noaa	1.328928	1.6459200000000005	EST	-5.0
8726384	-82.5625	27.638333	Port Manatee	FL	1976-03-24 00:00:00.0	0.064008	0.54864	Mixed		noaa	0.064008	0.54864	EST	-5.0
8726520	-82.6269	27.76061	St. Petersburg, Tampa Bay	FL	1946-12-14 00:00:00.0	1.027176	1.47828	Mixed		noaa	1.027176	1.47828	EST	-5.0
8726607	-82.552778	27.857778	Old Port Tampa	FL	1991-07-17 00:00:00.0	8.616696000000001	9.131808	Mixed		noaa	8.616696000000001	9.131808	EST	-5.0
8726674	-82.421389	27.923056	East Bay	FL	2019-09-09 00:00:00.0	0.048768	0.603504	Mixed		noaa	0.048768	0.603504	EST	-5.0
8726724	-82.831694	27.978306	Clearwater Beach	FL	1973-04-19 00:00:00.0	0.527304	1.072896	Mixed		noaa	0.527304	1.072896	EST	-5.0
8727520	-83.0317	29.135	Cedar Key	FL	1914-03-12 00:00:00.0	0.54864	1.237488	Mixed		noaa	0.54864	1.237488	EST	-5.0
8728690	-84.980556	29.724444	Apalachicola	FL	1967-05-01 00:00:00.0	1.307592	1.53924	Diurnal		noaa	1.307592	1.53924	EST	-5.0
8729108	-85.7	30.15228	Panama City	FL	1973-02-11 00:00:00.0	1.018032	1.18872	Diurnal		noaa	1.018032	1.18872	CST	-6.0
8729210	-85.878304	30.213301	Panama City Beach	FL	1989-09-20 00:00:00.0	8.2296	8.394192	Diurnal		noaa	8.2296	8.394192	CST	-6.0
8729840	-87.211194	30.404389	Pensacola	FL	1923-04-30 00:00:00.0	2.569464	2.6670000000000003	Diurnal		noaa	2.569464	2.6670000000000003	CST	-6.0
8732828	-87.825389	30.416889	Weeks Bay, Mobile Bay	AL	2007-08-23 00:00:00.0	9.214104		Diurnal		noaa	9.214104		CST	-6.0
8735180	-88.075	30.25	Dauphin Island	AL	1966-03-30 00:00:00.0	0.8747760000000001	1.0332720000000002	Diurnal		noaa	0.8747760000000001	1.0332720000000002	CST	-6.0
8735391	-88.088	30.565167	Dog River Bridge	AL	2010-09-08 00:00:00.0	8.820912000000002		Diurnal		noaa	8.820912000000002		CST	-6.0
8735523	-88.113889	30.443611	East Fowl River Bridge	AL	1980-03-24 00:00:00.0	4.108704	4.306824000000001	Diurnal		noaa	4.108704	4.306824000000001	CST	-6.0
8736897	-88.058306	30.648306	Coast Guard Sector Mobile	AL	2007-08-03 00:00:00.0	8.726424	8.887968	Diurnal		noaa	8.726424	8.887968	CST	-6.0
8737048	-88.03961	30.70461	Mobile State Docks	AL	1980-03-24 00:00:00.0	0.451104	0.600456	Diurnal		noaa	0.451104	0.600456	CST	-6.0
8737138	-88.07361	30.7819	Chickasaw Creek	AL	2011-04-22 00:00:00.0	7.491983999999999	7.629144000000001	Diurnal		noaa	7.491983999999999	7.629144000000001	CST	-6.0
8738043	-88.158556	30.376639	West Fowl River Bridge	AL	2011-04-22 00:00:00.0	5.937504000000001	6.1722	Diurnal		noaa	5.937504000000001	6.1722	CST	-6.0
8739803	-88.247806	30.40625	Bayou La Batre Bridge	AL	2011-04-22 00:00:00.0	8.1534	8.375904	Diurnal		noaa	8.1534	8.375904	CST	-6.0
8740166	-88.402889	30.413194	Grand Bay NERR, Mississippi Sound	MS	2010-05-10 00:00:00.0	4.29768	4.48056	Diurnal		noaa	4.29768	4.48056	CST	-6.0
8741533	-88.56306	30.36778	Pascagoula NOAA Lab	MS	2005-09-13 00:00:00.0	6.669024	6.870192	Diurnal		noaa	6.669024	6.870192	CST	-6.0
8747437	-89.325	30.325	Bay Waveland Yacht Club	MS	1978-05-31 00:00:00.0	0.7345680000000001	0.947928	Diurnal		noaa	0.7345680000000001	0.947928	CST	-6.0
8760721	-89.258306	29.178306	Pilottown	LA	1980-12-19 00:00:00.0	1.78308		Diurnal		noaa	1.78308		CST	-6.0
8760922	-89.4075	28.932222	Pilots Station East, S.W. Pass	LA	2004-03-08 00:00:00.0	9.400032		Diurnal		noaa	9.400032		CST	-6.0
8761305	-89.673	29.8683	Shell Beach	LA	1979-11-07 00:00:00.0	9.55548	9.774936	Diurnal		noaa	9.55548	9.774936	CST	-6.0
8761724	-89.957	29.263	Grand Isle	LA	1979-11-09 00:00:00.0	1.93548		Diurnal		noaa	1.93548		CST	-6.0
8761927	-90.113333	30.027222	New Canal Station	LA	1982-11-21 00:00:00.0	1.31064	1.3807440000000002	Diurnal		noaa	1.31064	1.3807440000000002	CST	-6.0
8761955	-90.135472	29.9329	Carrollton	LA	1996-05-15 00:00:00.0		-0.13716	Diurnal		noaa		-0.13716	CST	-6.0
8762075	-90.19925	29.11425	Port Fourchon, Belle Pass	LA	2003-07-19 00:00:00.0	9.116568		Diurnal		noaa	9.116568		CST	-6.0
8762482	-90.420278	29.788611	West Bank 1, Bayou Gauche	LA	2003-05-02 00:00:00.0		9.607296	Diurnal		noaa		9.607296	CST	-6.0
8762483	-90.389972	30.067861	I-10 Bonnet Carre Floodway	LA	2015-04-27 00:00:00.0	-0.036576		Diurnal		noaa	-0.036576		CST	-6.0
8764044	-91.237611	29.6675	Berwick, Atchafalaya River	LA	2003-07-24 00:00:00.0	5.971032	5.4681120000000005	Diurnal		noaa	5.971032	5.4681120000000005	CST	-6.0
8764227	-91.338111	29.449611	LAWMA, Amerada Pass	LA	2005-11-01 00:00:00.0	7.141464	7.421880000000001	Diurnal		noaa	7.141464	7.421880000000001	CST	-6.0
8764314	-91.3839	29.37306	Eugene Island, North of , Gulf of Mexico	LA	2014-11-15 00:00:00.0	3.745992		Diurnal		noaa	3.745992		CST	-6.0
8766072	-92.305194	29.551694	Freshwater Canal Locks	LA	2005-08-03 00:00:00.0	6.403848000000001	6.775704	Diurnal		noaa	6.403848000000001	6.775704	CST	-6.0
8767816	-93.221667	30.223611	Lake Charles	LA	1932-03-01 00:00:00.0	8.043672	8.247888	Diurnal		noaa	8.043672	8.247888	CST	-6.0
8767961	-93.300806	30.190194	Bulk Terminal	LA	2009-02-10 00:00:00.0	7.037832000000001	7.232904	Diurnal		noaa	7.037832000000001	7.232904	CST	-6.0
8768094	-93.342889	29.768167	Calcasieu Pass	LA	1933-02-21 00:00:00.0	8.193024	8.622792	Diurnal		noaa	8.193024	8.622792	CST	-6.0
8770475	-93.931	29.867083	Port Arthur	TX	1996-04-01 00:00:00.0	1.4051280000000002	1.517904	Diurnal		noaa	1.4051280000000002	1.517904	CST	-6.0
8770520	-93.881699	29.98	Rainbow Bridge	TX	1993-08-04 00:00:00.0	1.170432	1.298448	Diurnal		noaa	1.170432	1.298448	CST	-6.0
8770613	-94.985	29.681694	Morgans Point, Barbours Cut	TX	1973-06-18 00:00:00.0	1.563624	1.5605760000000002	Diurnal		noaa	1.563624	1.5605760000000002	CST	-6.0
8770777	-95.265778	29.726222	Manchester	TX	1995-01-01 00:00:00.0	1.682496	1.642872	Diurnal		noaa	1.682496	1.642872	CST	-6.0
8770808	-94.39028	29.59472	High Island	TX	2012-11-25 00:00:00.0	4.020312	4.224528	Diurnal		noaa	4.020312	4.224528	CST	-6.0
8770822	-93.841917	29.689389	Texas Point, Sabine Pass	TX	2011-06-28 00:00:00.0	0.969264	1.31064	Diurnal		noaa	0.969264	1.31064	CST	-6.0
8770971	-94.513	29.515	Rollover Pass	TX	2004-02-24 00:00:00.0	0.97536	1.200912	Diurnal		noaa	0.97536	1.200912	CST	-6.0
8771013	-94.918306	29.48	Eagle Point, Galveston Bay	TX	1973-06-14 00:00:00.0	1.301496		Diurnal		noaa	1.301496		CST	-6.0
8771341	-94.7248	29.3573	Galveston Bay Entrance, North Jetty	TX	2000-04-17 00:00:00.0	2.770632	2.94132	Diurnal		noaa	2.770632	2.94132	CST	-6.0
8771450	-94.793306	29.31	Galveston Pier 21	TX	1904-01-01 00:00:00.0	1.335024	1.429512	Diurnal		noaa	1.335024	1.429512	CST	-6.0
8771486	-94.897083	29.302583	Galveston Railroad Bridge	TX	2012-09-01 00:00:00.0	5.9283600000000005	6.03504	Diurnal		noaa	5.9283600000000005	6.03504	CST	-6.0
8771972	-95.113306	29.095	San Luis Pass	TX	1998-01-29 00:00:00.0	1.2771120000000002	1.399032	Diurnal		noaa	1.2771120000000002	1.399032	CST	-6.0
8772471	-95.294197	28.935699	Freeport SPIP, Freeport Harbor	TX	2016-06-24 00:00:00.0	8.375904	8.62584	Diurnal		noaa	8.375904	8.62584	CST	-6.0
8772985	-95.617167	28.771417	Sargent	TX	2012-11-08 00:00:00.0	9.482328	9.3726	Diurnal		noaa	9.482328	9.3726	CST	-6.0
8773037	-96.712402	28.4069	Seadrift	TX	2004-02-09 00:00:00.0	0.390144	0.088392	Diurnal		noaa	0.390144	0.088392	CST	-6.0
8773146	-95.914	28.71006	Matagorda City	TX	2012-10-11 00:00:00.0	9.40308	9.23544	Diurnal		noaa	9.40308	9.23544	CST	-6.0
8773259	-96.609802	28.6406	Port Lavaca	TX	1989-01-28 00:00:00.0	0.9144		Diurnal		noaa	0.9144		CST	-6.0
8773701	-96.395556	28.445861	Port O'Connor	TX	1989-01-28 00:00:00.0	3.477768	3.361944	Diurnal		noaa	3.477768	3.361944	CST	-6.0
8773767	-96.330101	28.426901	Matagorda Bay Entrance Channel	TX	2014-09-18 00:00:00.0	7.735824	7.8486	Diurnal		noaa	7.735824	7.8486	CST	-6.0
8774230	-96.794998	28.2283	Aransas Wildlife Refuge	TX	2012-10-09 00:00:00.0	8.82396	8.5344	Diurnal		noaa	8.82396	8.5344	CST	-6.0
8775237	-97.072502	27.839701	Port Aransas	TX	1990-05-25 00:00:00.0	1.4051280000000002	1.450848	Diurnal		noaa	1.4051280000000002	1.450848	CST	-6.0
8775241	-97.039101	27.836599	Aransas, Aransas Pass	TX	2016-08-01 00:00:00.0	7.351776000000001	7.531608	Diurnal		noaa	7.351776000000001	7.531608	CST	-6.0
8775244	-97.485944	27.83275	Nueces Bay	TX	2010-01-25 00:00:00.0	7.424928		Diurnal		noaa	7.424928		CST	-6.0
8775296	-97.39	27.811694	USS Lexington, Corpus Christi Bay	TX	2004-01-08 00:00:00.0	1.408176	1.2801600000000002	Diurnal		noaa	1.408176	1.2801600000000002	CST	-6.0
8775792	-97.236694	27.633306	Packery Channel	TX	1988-11-30 00:00:00.0	0.865632	0.7528560000000001	Diurnal		noaa	0.865632	0.7528560000000001	CST	-6.0
8775870	-97.216389	27.580833	Bob Hall Pier, Corpus Christi	TX	1983-05-09 00:00:00.0	6.342888	6.495288	Diurnal		noaa	6.342888	6.495288	CST	-6.0
8776139	-97.318111	27.484361	S. Bird Island	TX	2003-12-17 00:00:00.0		0.454152	Diurnal		noaa		0.454152	CST	-6.0
8776604	-97.405167	27.297	Baffin Bay	TX	1998-11-17 00:00:00.0		4.005072	Diurnal		noaa		4.005072	CST	-6.0
8777812	-97.4706	26.801194	Rincon Del San Jose	TX	1990-03-04 00:00:00.0		1.00584	Diurnal		noaa		1.00584	CST	-6.0
8778490	-97.425722	26.557639	Port Mansfield	TX	1962-08-11 00:00:00.0		0.664464	Diurnal		noaa		0.664464	CST	-6.0
8779280	-97.285278	26.2625	Realitos Peninsula	TX	2009-02-23 00:00:00.0	4.760976		Diurnal		noaa	4.760976		CST	-6.0
8779748	-97.166861	26.072472	South Padre Island CG Station	TX	1993-04-15 00:00:00.0	1.106424	1.389888	Diurnal		noaa	1.106424	1.389888	CST	-6.0
8779749	-97.154722	26.0675	SPI Brazos Santiago	TX	2016-08-01 00:00:00.0	7.394448000000001	7.754112000000001	Diurnal		noaa	7.394448000000001	7.754112000000001	CST	-6.0
8779770	-97.215528	26.061167	Port Isabel	TX	1944-03-31 00:00:00.0	1.176528	1.435608	Diurnal		noaa	1.176528	1.435608	CST	-6.0
9014070	-82.526665	42.621113	Algonac	MI	1926-07-01 00:00:00.0			Great Lakes		noaa			EST	-5.0
9014080	-82.485558	42.812222	St. Clair State Police	MI	1971-01-01 00:00:00.0			Great Lakes		noaa			EST	-5.0
9014087	-82.443333	42.945278	Dry Dock	MI	1899-03-01 00:00:00.0			Great Lakes		noaa			EST	-5.0
9014090	-82.418892	42.974724	Mouth of the Black River	MI	1900-01-01 00:00:00.0			Great Lakes		noaa			EST	-5.0
9014096	-82.4217	43.0033	Dunn Paper	MI	1955-02-01 00:00:00.0			Great Lakes		noaa			EST	-5.0
9014098	-82.4225	43.0069	Fort Gratiot	MI	1970-01-01 00:00:00.0			Great Lakes		noaa			EST	-5.0
9034052	-82.87925	42.473222	St Clair Shores	MI	1968-03-01 00:00:00.0			Great Lakes		noaa			EST	-5.0
9044020	-83.186694	42.091694	Gibraltar	MI	1989-11-08 00:00:00.0			Great Lakes		noaa			EST	-5.0
9044030	-83.1475	42.202306	Wyandotte	MI	1930-05-01 00:00:00.0			Great Lakes		noaa			EST	-5.0
9044036	-83.0933	42.2983	Fort Wayne	MI	1970-01-01 00:00:00.0			Great Lakes		noaa			EST	-5.0
9044049	-82.93	42.357498	Windmill Point	MI	1897-06-01 00:00:00.0			Great Lakes		noaa			EST	-5.0
9052000	-76.332	44.13028	Cape Vincent	NY	1916-01-01 00:00:00.0			Great Lakes		noaa			EST	-5.0
9052030	-76.51183	43.46417	Oswego	NY	1990-06-06 00:00:00.0			Great Lakes		noaa			EST	-5.0
9052058	-77.62575	43.26903	Rochester	NY	1860-01-01 00:00:00.0			Great Lakes		noaa			EST	-5.0
9052076	-78.7273	43.33839	Olcott	NY	1967-01-01 00:00:00.0			Great Lakes		noaa			EST	-5.0
9063007	-79.059917	43.1	Ashland Ave	NY	1957-06-01 00:00:00.0			Great Lakes		noaa			EST	-5.0
9063009	-79.061361	43.08106	American Falls	NY	1900-01-01 00:00:00.0			Great Lakes		noaa			EST	-5.0
9063012	-79.013889	43.076917	Niagara Intake	NY	1963-01-01 00:00:00.0			Great Lakes		noaa			EST	-5.0
9063020	-78.890472	42.877444	Buffalo	NY	1860-04-01 00:00:00.0			Great Lakes		noaa			EST	-5.0
9063028	-79.0473	42.691306	Sturgeon Point	NY	1989-12-05 00:00:00.0			Great Lakes		noaa			EST	-5.0
9063038	-80.0925	42.153889	Erie, Lake Erie	PA	1959-04-01 00:00:00.0			Great Lakes		noaa			EST	-5.0
9063053	-81.28106	41.75975	Fairport	OH	1935-05-04 00:00:00.0			Great Lakes		noaa			EST	-5.0
9063063	-81.635472	41.54086	Cleveland	OH	1860-01-01 00:00:00.0			Great Lakes		noaa			EST	-5.0
9063079	-82.73139	41.54364	Marblehead	OH	1959-05-01 00:00:00.0			Great Lakes		noaa			EST	-5.0
9063085	-83.47228	41.69356	Toledo	OH	1904-08-01 00:00:00.0			Great Lakes		noaa			EST	-5.0
9063090	-83.257	41.96	Fermi Power Plant	MI	1963-09-01 00:00:00.0			Great Lakes		noaa			EST	-5.0
9075002	-82.493306	43.141694	Lakeport	MI	1955-09-01 00:00:00.0			Great Lakes		noaa			EST	-5.0
9075014	-82.643059	43.84639	Harbor Beach	MI	1860-01-01 00:00:00.0			Great Lakes		noaa			EST	-5.0
9075035	-83.8468	43.6404	Essexville	MI	1977-08-01 00:00:00.0			Great Lakes		noaa			EST	-5.0
9075065	-83.4286	45.063	Alpena	MI	2006-04-26 00:00:00.0			Great Lakes		noaa			EST	-5.0
9075080	-84.721107	45.8	Mackinaw City	MI	1900-01-01 00:00:00.0			Great Lakes		noaa			EST	-5.0
9075099	-83.8982	45.9925	De Tour Village	MI	1977-11-01 00:00:00.0			Great Lakes		noaa			EST	-5.0
9076024	-84.191194	46.264806	Rock Cut	MI	2001-10-26 00:00:00.0			Great Lakes		noaa			EST	-5.0
9076027	-84.205	46.283306	West Neebish Island	MI	2006-10-19 00:00:00.0			Great Lakes		noaa			EST	-5.0
9076033	-84.301666	46.485832	Little Rapids	MI	2008-12-17 00:00:00.0			Great Lakes		noaa			EST	-5.0
9076060	-84.340363	46.500805	U.S. Slip	MI	1903-04-01 00:00:00.0			Great Lakes		noaa			EST	-5.0
9076070	-84.372611	46.501111	S.W. Pier, St. Marys River	MI	1860-05-01 00:00:00.0			Great Lakes		noaa			EST	-5.0
9087023	-86.441611	43.947361	Ludington	MI	1895-11-01 00:00:00.0			Great Lakes		noaa			EST	-5.0
9087031	-86.212778	42.773333	Holland	MI	1894-06-01 00:00:00.0			Great Lakes		noaa			EST	-5.0
9087044	-87.53833	41.729721	Calumet Harbor	IL	1905-02-01 00:00:00.0			Great Lakes		noaa			CST	-6.0
9087057	-87.8876	43.002	Milwaukee	WI	1989-09-01 00:00:00.0			Great Lakes		noaa			CST	-6.0
9087068	-87.501028	44.463972	Kewaunee, Lake Michigan	WI	1974-01-01 00:00:00.0			Great Lakes		noaa			CST	-6.0
9087072	-87.314333	44.795583	Sturgeon Bay Canal	WI	1905-01-01 00:00:00.0			Great Lakes		noaa			CST	-6.0
9087077	-88.00106	44.539028	Green Bay East	WI	2009-05-29 00:00:00.0			Great Lakes		noaa			CST	-6.0
9087088	-87.589944	45.095889	Menominee	MI	2005-08-19 00:00:00.0			Great Lakes		noaa			CST	-6.0
9087096	-85.8715	45.969889	Port Inland	MI	1964-12-01 00:00:00.0			Great Lakes		noaa			EST	-5.0
9099004	-84.630889	46.4845	Point Iroquois	MI	1930-11-01 00:00:00.0			Great Lakes		noaa			EST	-5.0
9099018	-87.378609	46.545555	Marquette C.G.	MI	1991-09-23 18:31:40.34			Great Lakes		noaa			EST	-5.0
9099044	-89.324165	46.874443	Ontonagon	MI	1959-08-01 00:00:00.0			Great Lakes		noaa			EST	-5.0
9099064	-92.092028	46.77575	Duluth	MN	1860-04-01 00:00:00.0			Great Lakes		noaa			CST	-6.0
9099090	-90.34128	47.7486	Grand Marais, Lake Superior	MN	1966-01-01 00:00:00.0			Great Lakes		noaa			CST	-6.0
9410170	-117.173583	32.714194	San Diego, San Diego Bay	CA	1906-01-26 00:00:00.0	1.155192	1.286256	Mixed		noaa	1.155192	1.286256	PST	-8.0
9410230	-117.257139	32.866889	La Jolla	CA	1924-08-01 00:00:00.0	1.331976	1.389888	Mixed		noaa	1.331976	1.389888	PST	-8.0
9410660	-118.272861	33.719944	Los Angeles	CA	1923-11-28 00:00:00.0	1.167384	1.228344	Mixed		noaa	1.167384	1.228344	PST	-8.0
9410840	-118.5	34.0083	Santa Monica	CA	1932-10-01 00:00:00.0	0.743712	0.801624	Mixed		noaa	0.743712	0.801624	PST	-8.0
9411340	-119.692806	34.403111	Santa Barbara	CA	1974-02-26 00:00:00.0	0.957072	0.996696	Mixed		noaa	0.957072	0.996696	PST	-8.0
9411406	-120.681944	34.469167	Oil Platform Harvest	CA	1992-05-13 00:00:00.0	13.673328		Mixed		noaa	13.673328		PST	-8.0
9412110	-120.754194	35.168806	Port San Luis	CA	1933-10-01 00:00:00.0	1.2954	1.319784	Mixed		noaa	1.2954	1.319784	PST	-8.0
9413450	-121.888054	36.605	Monterey	CA	1973-11-04 00:00:00.0	1.030224	0.987552	Mixed		noaa	1.030224	0.987552	PST	-8.0
9414290	-122.465889	37.806306	San Francisco	CA	1854-06-30 00:00:00.0	1.8227040000000003	1.804416	Mixed		noaa	1.8227040000000003	1.804416	PST	-8.0
9414523	-122.209999	37.506699	Redwood City	CA	1974-10-09 00:00:00.0	2.054352	2.414016	Mixed		noaa	2.054352	2.414016	PST	-8.0
9414750	-122.3	37.7717	Alameda	CA	1939-03-08 00:00:00.0	1.014984	1.085088	Mixed		noaa	1.014984	1.085088	PST	-8.0
9414863	-122.409583	37.923	Richmond	CA	1947-07-15 00:00:00.0	3.532632	3.526536	Mixed		noaa	3.532632	3.526536	PST	-8.0
9415020	-122.973611	37.994167	Point Reyes	CA	1975-01-10 00:00:00.0	1.207008	1.213104	Mixed		noaa	1.207008	1.213104	PST	-8.0
9415102	-122.125194	38.034639	Martinez-Amorco Pier	CA	2009-03-01 00:00:00.0	10.689336	10.5156	Mixed		noaa	10.689336	10.5156	PST	-8.0
9415144	-122.0395	38.056	Port Chicago	CA	1976-06-28 00:00:00.0	1.216152	0.8808720000000001	Mixed		noaa	1.216152	0.8808720000000001	PST	-8.0
9416841	-123.711083	38.914556	Arena Cove	CA	1978-04-09 00:00:00.0	8.817864	8.860536	Mixed		noaa	8.817864	8.860536	PST	-8.0
9418767	-124.2172	40.7663	North Spit	CA	1977-08-16 00:00:00.0	4.43484	4.5384720000000005	Mixed		noaa	4.43484	4.5384720000000005	PST	-8.0
9419750	-124.18439	41.74561	Crescent City	CA	1933-04-10 00:00:00.0	1.124712	1.240536	Mixed		noaa	1.124712	1.240536	PST	-8.0
9431647	-124.49828	42.738972	Port Orford	OR	1924-08-07 00:00:00.0	7.043928	7.168896	Mixed		noaa	7.043928	7.168896	PST	-8.0
9432780	-124.322	43.345	Charleston	OR	1964-08-27 00:00:00.0	1.146048	1.298448	Mixed		noaa	1.146048	1.298448	PST	-8.0
9435380	-124.04494	44.6254	South Beach	OR	1967-01-28 00:00:00.0	1.3929360000000002	1.627632	Mixed		noaa	1.3929360000000002	1.627632	PST	-8.0
9437540	-123.91894	45.55453	Garibaldi	OR	1866-08-11 00:00:00.0	1.216152		Mixed		noaa	1.216152		PST	-8.0
9439040	-123.768306	46.207306	Astoria	OR	1853-07-10 00:00:00.0	0.679704	0.615696	Mixed		noaa	0.679704	0.615696	PST	-8.0
9439099	-123.40889	46.161667	Wauna	OR	1940-11-05 00:00:00.0	0.3048		Mixed		noaa	0.3048		PST	-8.0
9439201	-122.7962	45.8633	St Helens	OR	1877-09-11 00:00:00.0	0.62484		Mixed		noaa	0.62484		PST	-8.0
9440083	-122.697	45.631694	Vancouver	WA	1938-09-14 00:00:00.0	0.542544		Mixed		noaa	0.542544		PST	-8.0
9440422	-122.954194	46.106139	Longview	WA	1985-03-23 00:00:00.0	0.7711439999999999		Mixed		noaa	0.7711439999999999		PST	-8.0
9440569	-123.4565	46.270306	Skamokawa	WA	1981-07-01 00:00:00.0	0.146304		Mixed		noaa	0.146304		PST	-8.0
9440581	-124.04628	46.281028	Cape Disappointment	WA	2015-04-07 00:00:00.0	15.931896000000002	16.072104	Mixed		noaa	15.931896000000002	16.072104	PST	-8.0
9440910	-123.966944	46.7075	Toke Point	WA	1922-02-20 00:00:00.0	1.377696	1.627632	Mixed		noaa	1.377696	1.627632	PST	-8.0
9441102	-124.105083	46.90431	Westport	WA	1982-06-07 00:00:00.0	0.9144	1.255776	Mixed		noaa	0.9144	1.255776	PST	-8.0
9442396	-124.63694	47.913	La Push, Quillayute River	WA	1924-12-19 00:00:00.0	1.575816	2.017776	Mixed		noaa	1.575816	2.017776	PST	-8.0
9443090	-124.601944	48.370278	Neah Bay	WA	1934-07-23 00:00:00.0	0.6096	0.865632	Mixed		noaa	0.6096	0.865632	PST	-8.0
9444090	-123.440002	48.125	Port Angeles	WA	1975-08-30 00:00:00.0	9.241536	9.369552	Mixed		noaa	9.241536	9.369552	PST	-8.0
9444900	-122.7595	48.1129	Port Townsend	WA	1971-12-31 00:00:00.0	1.024128		Mixed		noaa	1.024128		PST	-8.0
9446484	-122.413	47.27	Tacoma	WA	1996-07-22 00:00:00.0	0.188976	0.917448	Mixed		noaa	0.188976	0.917448	PST	-8.0
9447130	-122.339167	47.601944	Seattle	WA	1899-01-01 00:00:00.0	2.420112	3.133344	Mixed		noaa	2.420112	3.133344	PST	-8.0
9449424	-122.758	48.8633	Cherry Point	WA	1971-11-07 00:00:00.0	1.932432		Mixed		noaa	1.932432		PST	-8.0
9449880	-123.012889	48.545306	Friday Harbor	WA	1932-01-25 00:00:00.0	1.17348		Mixed		noaa	1.17348		PST	-8.0
9450460	-131.626111	55.331944	Ketchikan	AK	1918-10-01 00:00:00.0	1.886712		Mixed		noaa	1.886712		AKST	-9.0
9451054	-134.64772	56.24661	Port Alexander	AK	1924-04-10 00:00:00.0	1.146048	1.5057120000000002	Mixed		noaa	1.146048	1.5057120000000002	AKST	-9.0
9451600	-135.342	57.051694	Sitka	AK	1938-05-19 00:00:00.0	1.377696		Mixed		noaa	1.377696		AKST	-9.0
9452210	-134.4106	58.2988	Juneau	AK	1936-05-14 00:00:00.0	0.96012		Mixed		noaa	0.96012		AKST	-9.0
9452400	-135.328	59.4508	Skagway, Taiya Inlet	AK	1943-08-16 00:00:00.0	0.603504		Mixed		noaa	0.603504		AKST	-9.0
9452634	-136.34694	58.19472	Elfin Cove	AK	1938-05-13 00:00:00.0	2.855976		Mixed		noaa	2.855976		AKST	-9.0
9453220	-139.733056	59.548333	Yakutat, Yakutat Bay	AK	1940-04-24 00:00:00.0	0.362712	0.542544	Mixed		noaa	0.362712	0.542544	AKST	-9.0
9454050	-145.755	60.5583	Cordova	AK	1949-05-14 00:00:00.0	1.917192		Mixed		noaa	1.917192		AKST	-9.0
9454240	-146.3631	61.124194	Valdez	AK	1964-08-15 00:00:00.0	2.054352		Mixed		noaa	2.054352		AKST	-9.0
9455090	-149.426667	60.12	Seward	AK	1925-05-01 00:00:00.0	1.871472		Mixed		noaa	1.871472		AKST	-9.0
9455500	-151.719894	59.440498	Seldovia	AK	1964-05-24 00:00:00.0	2.0665440000000004		Mixed		noaa	2.0665440000000004		AKST	-9.0
9455760	-151.398056	60.683333	Nikiski	AK	1971-05-21 00:00:00.0	2.01168	4.215384	Mixed		noaa	2.01168	4.215384	AKST	-9.0
9455920	-149.8904	61.2375	Anchorage	AK	1964-04-24 00:00:00.0	1.911096	5.193792	Mixed		noaa	1.911096	5.193792	AKST	-9.0
9457292	-152.513889	57.730278	Kodiak Island	AK	1984-07-10 00:00:00.0	7.702296	7.97052	Mixed		noaa	7.702296	7.97052	AKST	-9.0
9457804	-154.248	56.8974	Alitak	AK	1929-05-31 00:00:00.0	1.716024		Mixed		noaa	1.716024		AKST	-9.0
9459450	-160.5043	55.33172	Sand Point	AK	1972-09-10 00:00:00.0	9.299448000000002		Mixed		noaa	9.299448000000002		AKST	-9.0
9459881	-162.326111	55.059889	King Cove	AK	1917-08-14 00:00:00.0	1.2192	-5.50164	Mixed		noaa	1.2192	-5.50164	AKST	-9.0
9461380	-176.632	51.863306	Adak Island	AK	1943-08-21 00:00:00.0	0.902208	1.182624	Diurnal		noaa	0.902208	1.182624	HAST	-10.0
9461710	-174.1725	52.23194	Atka	AK	2006-08-01 00:00:00.0	8.211312000000001	8.479536000000001	Diurnal		noaa	8.211312000000001	8.479536000000001	HAST	-10.0
9462450	-168.871306	52.94061	Nikolski	AK	2006-06-28 00:00:00.0	1.240536	1.420368	Mixed Diurnal		noaa	1.240536	1.420368	HAST	-10.0
9462620	-166.540306	53.879194	Unalaska	AK	1955-05-07 00:00:00.0	0.7924800000000001	0.713232	Mixed Diurnal		noaa	0.7924800000000001	0.713232	AKST	-9.0
9463502	-160.573611	55.985833	Port Moller	AK	1960-09-11 00:00:00.0	8.90016		Mixed		noaa	8.90016		AKST	-9.0
9464212	-170.285278	57.125278	Village Cove, St Paul Island	AK	1977-06-08 00:00:00.0	0.438912	0.216408	Mixed Diurnal		noaa	0.438912	0.216408	AKST	-9.0
9468333	-160.7843	63.871361	Unalakleet	AK	1977-06-30 00:00:00.0	0.643128	-0.16764	Diurnal		noaa	0.643128	-0.16764	AKST	-9.0
9468756	-165.439639	64.494611	Nome, Norton Sound	AK	1944-06-30 00:00:00.0	1.146048	0.344424	Mixed		noaa	1.146048	0.344424	AKST	-9.0
9491094	-164.064389	67.575806	Red Dog Dock	AK	2003-08-21 00:00:00.0	1.597152		Mixed		noaa	1.597152		AKST	-9.0
9497645	-148.531667	70.411389	Prudhoe Bay	AK	1990-07-17 00:00:00.0	10.924032000000002		Mixed		noaa	10.924032000000002		AKST	-9.0
9751364	-64.69839	17.747694	Christiansted Harbor, St Croix	VI	1981-02-10 00:00:00.0	8.250936000000001		Diurnal		noaa	8.250936000000001		AST	-4.0
9751381	-64.724222	18.31825	Lameshur Bay, St John	VI	1983-02-21 00:00:00.0	8.805672000000001		Diurnal		noaa	8.805672000000001		AST	-4.0
9751401	-64.753799	17.6947	Lime Tree Bay	VI	1977-10-13 00:00:00.0	10.387584		Diurnal		noaa	10.387584		AST	-4.0
9751639	-64.925833	18.347222	Charlotte Amalie	VI	1975-01-27 00:00:00.0	1.6002		Diurnal		noaa	1.6002		AST	-4.0
9752235	-65.302472	18.300861	Culebra	PR	2005-08-19 00:00:00.0	8.363712000000001		Mixed		noaa	8.363712000000001		AST	-4.0
9752619	-65.443889	18.1525	Isabel Segunda, Vieques Island	PR	2007-09-13 00:00:00.0	7.28472		Mixed		noaa	7.28472		AST	-4.0
9752695	-65.471389	18.093889	Esperanza, Vieques Island	PR	2005-08-11 00:00:00.0	7.933944		Diurnal		noaa	7.933944		AST	-4.0
9755371	-66.116389	18.459167	San Juan, La Puntilla, San Juan Bay	PR	1962-03-04 00:00:00.0	1.0332720000000002		Mixed		noaa	1.0332720000000002		AST	-4.0
9757809	-66.702361	18.480528	Arecibo	PR	2007-03-05 00:00:00.0	6.739128		Mixed		noaa	6.739128		AST	-4.0
9759110	-67.046402	17.9701	Magueyes Island	PR	1954-12-01 00:00:00.0	1.0911840000000002		Diurnal		noaa	1.0911840000000002		AST	-4.0
9759394	-67.1625	18.219	Mayaguez	PR	1975-12-09 00:00:00.0	1.05156		Mixed		noaa	1.05156		AST	-4.0
9759938	-67.9385	18.089917	Mona Island	PR	2006-09-15 00:00:00.0	8.71728		Diurnal		noaa	8.71728		AST	-4.0
5cebf1df3d0f4a073c4bbcc1	-62.783333	44.783333	MURPHYS COVE	NS		0.429				dfo	0.429			
5cebf1e33d0f4a073c4bc1fb	-61.533333	46.016667	Port Hood	NS		0.18				dfo	0.18			
5cebf1e23d0f4a073c4bbfb4	-63.316667	45.366667	Truro	NS						dfo				
5cebf1e23d0f4a073c4bc110	-61.033333	45.516667	ARICHAT	NS		0.553				dfo	0.553			
5cebf1df3d0f4a073c4bbc80	-66.0	44.383333	WEYMOUTH	NS						dfo				
5cebf1df3d0f4a073c4bbcb7	-63.933333	44.516667	CLIFF COVE	NS		0.481				dfo	0.481			
5cebf1df3d0f4a073c4bbc44	-64.466667	45.683333	JOGGINS	NS		1.384				dfo	1.384			
5cebf1df3d0f4a073c4bbc97	-65.816667	43.666667	ABBOTTS HARBOUR	NS		0.517				dfo	0.517			
5cebf1e03d0f4a073c4bbe95	-63.95	44.516667	Indian Harbour	NS		0.612				dfo	0.612			
5cebf1e33d0f4a073c4bc12f	-60.466667	46.9	DINGWALL	NS		0.408				dfo	0.408			
5cebf1df3d0f4a073c4bbc8d	-66.124469	43.831898	Yarmouth	NS		0.845				dfo	0.845			
5cebf1df3d0f4a073c4bbc68	-65.066667	45.05	MARGARETSVILLE	NS		1.271				dfo	1.271			
5cebf1df3d0f4a073c4bbc8f	-66.066667	43.7	PINKNEY POINT	NS		0.76				dfo	0.76			
5cebf1df3d0f4a073c4bbc64	-64.516667	45.233333	BAXTERS HARBOUR	NS		1.436				dfo	1.436			
5cebf1df3d0f4a073c4bbc6e	-65.833333	44.666667	CULLODEN	NS		0.665				dfo	0.665			
5cebf1e03d0f4a073c4bbe91	-64.116667	44.5	BLANDFORD	NS		0.465				dfo	0.465			
5cebf1df3d0f4a073c4bbc7a	-66.216667	44.4	TIVERTON (BOARS HEAD)	NS		0.82				dfo	0.82			
5cebf1df3d0f4a073c4bbc99	-65.766667	43.633333	LOWER EAST PUBNICO	NS		0.494				dfo	0.494			
5cebf1df3d0f4a073c4bbc46	-64.85	45.466667	CAPE CAPSTAN	NS		1.342				dfo	1.342			
5cebf1df3d0f4a073c4bbcc5	-62.533333	44.916667	SHEET HARBOUR	NS		0.448				dfo	0.448			
5cebf1e33d0f4a073c4bc20d	-62.683333	45.733333	FERRY TERMINAL	NS		0.418				dfo	0.418			
5cebf1df3d0f4a073c4bbca3	-65.633333	43.433333	SWIMS POINT	NS		0.557				dfo	0.557			
5cebf1df3d0f4a073c4bbc9b	-65.733333	43.533333	WOODS HARBOUR	NS		0.597				dfo	0.597			
5cebf1e03d0f4a073c4bbe97	-63.783333	44.45	PROSPECT	NS		0.309				dfo	0.309			
5cebf1e33d0f4a073c4bc1f5	-61.1	46.433333	MARGAREE HARBOUR	NS		0.211				dfo	0.211			
5cebf1df3d0f4a073c4bbc62	-64.433333	45.316667	SCOTS BAY	NS		1.413				dfo	1.413			
5cebf1df3d0f4a073c4bbcd3	-61.666667	45.183333	ISAACS HARBOUR	NS		0.534				dfo	0.534			
5cebf1df3d0f4a073c4bbcaf	-64.716667	44.05	LIVERPOOL	NS		0.599				dfo	0.599			
5cebf1e33d0f4a073c4bc129	-60.4	46.3	BLACK ROCK POINT	NS		0.209				dfo	0.209			
5cebf1df3d0f4a073c4bbc84	-66.166667	44.2	METEGHAN	NS		0.836				dfo	0.836			
5cebf1e23d0f4a073c4bbfef	-81.635556	52.218889	Fort Albany	ON	1956.0					dfo				
5cebf1e03d0f4a073c4bbe79	-64.7	45.333333	SPENCERS ISLAND	NS		1.305				dfo	1.305			
5cebf1e03d0f4a073c4bbe9f	-62.083333	44.966667	MARIE JOSEPH	NS		0.601				dfo	0.601			
5cebf1df3d0f4a073c4bbc93	-65.983333	43.866667	TUSKET	NS		0.407				dfo	0.407			
5cebf1df3d0f4a073c4bbcc9	-62.133333	44.966667	ECUM SECUM	NS		0.511				dfo	0.511			
5cebf1e33d0f4a073c4bc229	-63.05	45.8	SKINNERS COVE	NS		0.521				dfo	0.521			
5cebf1df3d0f4a073c4bbc6c	-65.75	44.633333	DIGBY	NS		1.125				dfo	1.125			
5cebf1e03d0f4a073c4bbe81	-66.133333	43.783333	KELLYS COVE	NS		0.822				dfo	0.822			
5cebf1de3d0f4a073c4bb90f	-61.5	45.383333	GUYSBOROUGH	NS						dfo				
5cebf1df3d0f4a073c4bbc54	-64.333333	45.366667	PARRSBORO	NS		1.516				dfo	1.516			
5cebf1df3d0f4a073c4bbc48	-64.816667	45.35	WEST ADVOCATE	NS		1.36				dfo	1.36			
5cebf1df3d0f4a073c4bbcdb	-61.0	45.333333	CANSO HARBOUR	NS		0.244				dfo	0.244			
5cebf1dd3d0f4a073c4bb8f3	-80.35	51.416667	Sand Head	ON						dfo				
5cebf1e03d0f4a073c4bbe9d	-62.383333	44.9	PORT DUFFERIN	NS		0.467				dfo	0.467			
5cebf1e33d0f4a073c4bc1f3	-61.116667	46.433333	MARGAREE TRAILER	NS		0.264				dfo	0.264			
5cebf1df3d0f4a073c4bbcab	-65.116667	43.7	LOCKEPORT	NS		0.539				dfo	0.539			
5cebf1e23d0f4a073c4bbfeb	-80.433333	51.333333	Ship Sands Island	ON	1960.0					dfo				
5cebf1df3d0f4a073c4bbc58	-63.8	45.3	BURNTCOAT HEAD	NS		1.384				dfo	1.384			
5cebf1df3d0f4a073c4bbc5e	-64.166667	45.066667	HANTSPORT	NS		1.577				dfo	1.577			
5cebf1e23d0f4a073c4bc10a	-61.266667	45.516667	SAND POINT	NS		0.248				dfo	0.248			
5cebf1e33d0f4a073c4bc1ed	-60.45	47.016667	BAY ST. LAWRENCE	NS		0.277				dfo	0.277			
5cebf1df3d0f4a073c4bbcd7	-61.183333	45.233333	WHITEHEAD	NS		0.454				dfo	0.454			
5cebf1df3d0f4a073c4bbcb3	-64.05	44.583333	MILL COVE	NS	1966.0	0.398				dfo	0.398			
5cebf1df3d0f4a073c4bbcd5	-61.383333	45.216667	LARRYS RIVER	NS		0.274				dfo	0.274			
5cebf1df3d0f4a073c4bbc52	-64.383333	45.366667	CAPE SHARP	NS		1.515				dfo	1.515			
5cebf1e23d0f4a073c4bbfed	-80.566667	51.3	Nicholson Creek	ON	1960.0					dfo				
5cebf1df3d0f4a073c4bbc6a	-65.533333	44.8	PARKERS COVE	NS		1.333				dfo	1.333			
5cebf1e03d0f4a073c4bbe99	-62.833333	44.7	LITTLE HARBOUR	NS		0.469				dfo	0.469			
5cebf1e03d0f4a073c4bbe8b	-64.516667	44.366667	BRIDGEWATER	NS		0.505				dfo	0.505			
5cebf1df3d0f4a073c4bbc60	-64.35	45.266667	CAPE BLOMIDON	NS		1.323				dfo	1.323			
5cebf1e23d0f4a073c4bc10c	-61.4	45.65	PORT HASTINGS	NS		0.284				dfo	0.284			
5cebf1e13d0f4a073c4bbefd	-62.65	46.166667	MONTAGUE	NS		0.438				dfo	0.438			
5cebf1df3d0f4a073c4bbcc3	-62.6	44.833333	TOMLEE BAY	NS		0.372				dfo	0.372			
5cebf1dd3d0f4a073c4bb8f5	-80.633333	51.283333	Moosonee	ON	1960.0					dfo				
5cebf1df3d0f4a073c4bbcbb	-63.583333	44.666667	Halifax	NS		0.3				dfo	0.3			
5cebf1df3d0f4a073c4bbca1	-65.633333	43.45	CLARKS HARBOUR	NS		0.371				dfo	0.371			
5cebf1e23d0f4a073c4bc114	-60.966667	45.633333	CANNES	NS		0.205				dfo	0.205			
5cebf1df3d0f4a073c4bbc9f	-66.0	43.483333	SEAL ISLAND	NS		0.589				dfo	0.589			
5cebf1df3d0f4a073c4bbc5c	-64.15	44.983333	WINDSOR	NS						dfo				
5cebf1df3d0f4a073c4bbc9d	-66.013	43.395	FLAT ISLAND	NS	1963.0	0.66				dfo	0.66			
5cebf1e33d0f4a073c4bc22b	-63.283333	45.783333	MALAGASH	NS		0.524				dfo	0.524			
5cebf1df3d0f4a073c4bbc66	-65.0	45.25	ILE HAUTE	NS		1.579				dfo	1.579			
5cebf1df3d0f4a073c4bbc91	-65.983333	43.733333	LOWER WEDGEPORT	NS		0.657				dfo	0.657			
5cebf1e03d0f4a073c4bbe9b	-62.633333	44.816667	SPRY HARBOUR	NS		0.476				dfo	0.476			
5cebf1e03d0f4a073c4bbe85	-65.654	43.459	WEST HEAD	NS		0.474				dfo	0.474			
5cebf1df3d0f4a073c4bbcbf	-63.05	44.766667	SALMON RIVER BRIDGE	NS		0.492				dfo	0.492			
5cebf1df3d0f4a073c4bbcad	-64.85	43.933333	PORT MOUTON	NS		0.428				dfo	0.428			
5cebf1df3d0f4a073c4bbc95	-65.95	43.833333	ABRAMS RIVER	NS		0.489				dfo	0.489			
5cebf1e33d0f4a073c4bc12d	-60.383333	46.633333	INGONISH BEACH	NS		0.349				dfo	0.349			
5cebf1df3d0f4a073c4bbccb	-62.0	45.016667	LISCOMB HARBOUR	NS		0.467				dfo	0.467			
5cebf1df3d0f4a073c4bbcd9	-59.8	43.966667	SABLE ISLAND	NS		0.213				dfo	0.213			
5cebf1e23d0f4a073c4bc125	-60.366667	46.316667	TABLE HEAD	NS		0.27				dfo	0.27			
5cebf1df3d0f4a073c4bbca5	-65.616667	43.533333	BARRINGTON PASSAGE	NS		0.42				dfo	0.42			
5cebf1df3d0f4a073c4bbca7	-65.466667	43.516667	UPPER PORT LA TOUR	NS		0.412				dfo	0.412			
5cebf1e33d0f4a073c4bc201	-61.916667	45.666667	ANTIGONISH HARBOUR	NS		0.383				dfo	0.383			
5cebf1e13d0f4a073c4bbefb	-61.083333	46.433333	BELLE COTE BREAKWATER	NS		0.287				dfo	0.287			
5cebf1e03d0f4a073c4bbe8f	-64.0	44.516667	OWLS HEAD	NS		0.624				dfo	0.624			
5cebf1e33d0f4a073c4bc22f	-63.683333	45.85	PUGWASH	NS		0.714				dfo	0.714			
5cebf1df3d0f4a073c4bbcd1	-61.733333	45.1	PORT BICKERTON	NS		0.488				dfo	0.488			
5cebf1e13d0f4a073c4bbeac	-60.333333	46.8	NEILS HARBOUR	NS		0.253				dfo	0.253			
5cebf1df3d0f4a073c4bbcb1	-64.316667	44.366667	LUNENBURG	NS		0.544				dfo	0.544			
5cebf1e23d0f4a073c4bc112	-60.966667	45.5	PETIT DE GRAT	NS		0.551				dfo	0.551			
5cebf1e13d0f4a073c4bbef9	-61.016667	46.633333	CHETICAMP	NS		0.354				dfo	0.354			
5cebf1e33d0f4a073c4bc231	-64.016667	46.0	TIDNISH	NS		0.358				dfo	0.358			
5cebf1e03d0f4a073c4bbe83	-65.983333	43.716667	WEDGEPORT	NS		0.646				dfo	0.646			
5cebf1e33d0f4a073c4bc1fd	-61.433333	45.65	Aulds Cove	NS		0.251				dfo	0.251			
5dd5abf2ff231600015c1a10	-64.073	45.01	Tidal View Farm	NS						dfo				
5cebf1df3d0f4a073c4bbc72	-66.033333	44.55	TROUT COVE	NS		0.928				dfo	0.928			
5dd30650e0fdc4b9b4be6d40	-64.233333	44.533333	CHESTER	NS		0.622				dfo	0.622			
5cebf1e33d0f4a073c4bc205	-62.166667	45.766667	ARISAIG	NS		0.72				dfo	0.72			
5dd5aa6aff231600015c1a03	-63.456	45.251167	Maitland	NS					RIVER	dfo				
5cebf1e33d0f4a073c4bc1f7	-61.083333	46.4	EAST MARGAREE BRIDGE	NS		0.561				dfo	0.561			
5cebf1df3d0f4a073c4bbc4c	-64.783333	45.3	CAPE D'OR	NS		1.712				dfo	1.712			
5dd5a784ff231600015c199e	-64.373833	45.690167	River Hebert	NS						dfo				
5cebf1e23d0f4a073c4bbfac	-63.613239	44.682262	Bedford Institute	NS		0.357				dfo	0.357			
5cebf1df3d0f4a073c4bbc50	-64.45	45.4	DILIGENT R.	NS		1.513				dfo	1.513			
5cebf1df3d0f4a073c4bbc86	-66.15	43.983333	PORT MAITLAND	NS		0.66				dfo	0.66			
5cebf1dd3d0f4a073c4bb8f9	-85.1	55.283333	Winisk	ON	1957.0					dfo				
5cebf1e33d0f4a073c4bc22d	-63.433333	45.883333	Cape Cliff	NS		0.333				dfo	0.333			
5cebf1df3d0f4a073c4bbc56	-64.133333	45.383333	FIVE ISLANDS	NS		1.594				dfo	1.594			
5cebf1df3d0f4a073c4bbc76	-66.083333	44.483333	EAST SANDY COVE	NS		0.803				dfo	0.803			
5cebf1df3d0f4a073c4bbca9	-65.3	43.75	SHELBURNE	NS		0.542				dfo	0.542			
5cebf1e23d0f4a073c4bc11a	-59.95	46.2	GLACE BAY	NS						dfo				
5cebf1df3d0f4a073c4bbccd	-61.916667	45.05	SONORA	NS		0.443				dfo	0.443			
5cebf1e03d0f4a073c4bbe7f	-66.15	43.816667	BUNKER ISLAND LIGHT	NS		0.929				dfo	0.929			
5cebf1e03d0f4a073c4bbea8	-60.25	45.716667	FOURCHU	NS		0.219				dfo	0.219			
5cebf1e13d0f4a073c4bbeae	-60.716667	45.8	JOHNSTOWN	NS		0.275				dfo	0.275			
5cebf1df3d0f4a073c4bbccf	-61.983333	45.133333	SHERBROOKE	NS		0.641				dfo	0.641			
5cebf1e03d0f4a073c4bbe8d	-64.35	44.283333	RIVERPORT	NS		0.534				dfo	0.534			
5cebf1e03d0f4a073c4bbea6	-61.365944	45.614312	Port Hawkesbury	NS		0.483			STRAIT	dfo	0.483			
5cebf1df3d0f4a073c4bbcbd	-63.233333	44.783333	CHEZZETCOOK INLET	NS		0.388				dfo	0.388			
5cebf1e23d0f4a073c4bc10e	-61.366667	45.6	Point Tupper	NS		0.243				dfo	0.243			
5cebf1e33d0f4a073c4bc209	-62.7	45.683333	PICTOU	NS		0.503				dfo	0.503			
5dd30650e0fdc4b9b4be6d8f	-60.39975	46.298639	PENNY LANE	NS	2018.0	0.57				dfo	0.57			
5cebf1df3d0f4a073c4bbc4e	-64.55	45.4	PORT GREVILLE	NS		1.439				dfo	1.439			
5cebf1df3d0f4a073c4bbcb9	-63.6	44.483333	SAMBRO HARBOUR	NS		0.287				dfo	0.287			
5cebf1e03d0f4a073c4bbe89	-65.333333	43.7	SANDY POINT	NS		0.319				dfo	0.319			
5cebf1e33d0f4a073c4bc127	-60.416667	46.283333	DUFFUS POINT	NS		0.395				dfo	0.395			
5cebf1e33d0f4a073c4bc20b	-62.583333	45.8	PICTOU ISLAND	NS		0.507				dfo	0.507			
5cebf1e03d0f4a073c4bbeaa	-60.283333	46.25	BIG BRAS D'OR	NS		0.297				dfo	0.297			
5cebf1df3d0f4a073c4bbcc7	-62.316667	44.9	WEST NEWDY QUODDY	NS		0.403				dfo	0.403			
5dd3064de0fdc4b9b4be6683	-60.75	46.1	BADDECK	NS		0.394				dfo	0.394			
5cebf1e03d0f4a073c4bbe7b	-66.216667	44.4	WEST NARROWS	NS		0.959				dfo	0.959			
5cebf1e23d0f4a073c4bc11c	-60.2	46.15	SYDNEY	NS		0.26				dfo	0.26			
5cebf1e33d0f4a073c4bc203	-61.918	45.858	Ballantynes Cove	NS	1958.0	0.417				dfo	0.417			
5cebf1e33d0f4a073c4bc207	-62.45	45.65	MERIGOMISH	NS		0.507				dfo	0.507			
5cebf1e23d0f4a073c4bc123	-60.245314	46.20897	North Sydney	NS		0.394				dfo	0.394			
5cebf1e03d0f4a073c4bbe93	-64.066667	44.633333	HUBBARDS	NS		0.689				dfo	0.689			
5cebf1df3d0f4a073c4bbc70	-66.2	44.4	GRAND EDDY	NS		1.106				dfo	1.106			
5cebf1e03d0f4a073c4bbe87	-65.333333	43.566667	INGOMAR	NS		0.243				dfo	0.243			
5cebf1df3d0f4a073c4bbcb5	-63.95	44.65	BOUTILIERS POINT	NS		0.272				dfo	0.272			
5cebf1df3d0f4a073c4bbc74	-66.1	44.5	SANDY COVE	NS		1.215				dfo	1.215			
5cebf1df3d0f4a073c4bbc4a	-64.783333	45.333333	ADVOCATE	NS		1.249				dfo	1.249			
5cebf1e23d0f4a073c4bbfb2	-61.8959	45.7557	CRIBBEANS POINT	NS		0.419				dfo	0.419			
5cebf1e03d0f4a073c4bbe7d	-66.116667	43.816667	BUNKER ISLAND WHARF	NS		0.874				dfo	0.874			
5cebf1e33d0f4a073c4bc1ef	-60.15	47.2	ST PAUL ISLAND	NS		0.29				dfo	0.29			
5cebf1e23d0f4a073c4bc118	-59.966667	45.916667	LOUISBOURG	NS		0.37				dfo	0.37			
5cebf1e33d0f4a073c4bc1ff	-61.55	45.7	CAPE JACK	NS		0.355				dfo	0.355			
5cebf1df3d0f4a073c4bbc78	-66.216667	44.383333	TIVERTON	NS		0.871				dfo	0.871			
5cebf1e33d0f4a073c4bc1f9	-61.266667	46.3	BROAD COVE MARSH	NS		0.403				dfo	0.403			
5cebf1df3d0f4a073c4bbc7c	-66.35	44.266667	WESTPORT	NS		0.595				dfo	0.595			
5cebf1e33d0f4a073c4bc12b	-60.6	46.266667	ST ANNS HARBOUR	NS						dfo				
5cebf1e33d0f4a073c4bc1f1	-61.05	46.6	LA POINTE	NS		0.366				dfo	0.366			
5cebf1df3d0f4a073c4bbc82	-66.116667	44.333333	CHURCH POINT	NS		0.852				dfo	0.852			
5cebf1df3d0f4a073c4bbc7e	-66.4	44.25	LIGHTHOUSE COVE	NS		0.784				dfo	0.784			
ca0101	-70.6249008178711	41.7374992370606	 Cape Cod Canal  West End							noaa				
cb0102	-76.0128	36.9594	Cape Henry LB 2CH							noaa				
cb0201	-76.13383	37.14	York Spit LBB 22 (ATON)							noaa				
cb0301	-76.24903	37.01108	Thimble Shoal LB 18							noaa				
cb0402	-76.33388	36.96295	Naval Station Norfolk LB 7							noaa				
cb0601	-76.41448	36.95602	Newport News Channel LB 14							noaa				
cb0701	-76.42417	36.96233	 Dominion Terminal							noaa				
cb0801	-76.15462	37.67442	Rappahannock Shoal Channel LBB 60							noaa				
cb1001	-76.383903503418	38.4026985168457	 Cove Point LNG Pier (SL-ADP)							noaa				
cb1101	-76.38467	38.98215	Chesapeake Channel LBB 92							noaa				
cb1201	-76.33072	39.13997	 Tolchester Front Range							noaa				
cb1301	-75.82762	39.53053	 Chesapeake City							noaa				
cb1401	-76.443603515625	36.9837989807129	 Newport News Shipbuilding							noaa				
cc0101	-96.95653	27.79239	 AP Buoy							noaa				
cc0201	-97.01981	27.82608	Aransas Pass LB6							noaa				
cc0301	-97.05314	27.83981	 Port Aransas  Channel View							noaa				
cc0401	-97.2093	27.8177	 MODA Currents							noaa				
cc0601	-97.07275	27.83977	 UTMSI Fisheries and Marine Lab							noaa				
db0301	-75.1396026611328	39.9462013244629	 Philadelphia							noaa				
db0502	-75.10486	38.94013	Delaware Bay Channel LB 10							noaa				
g06010	-94.74083	29.34222	Galveston Bay Entr Channel LB 11							noaa				
g08010	-95.0188980102539	29.7035007476807	 Fred Hartman Br.  Houston Ship Channel							noaa				
g09010	-94.82063	29.30938	 Galveston Channel  West End							noaa				
g10010	-95.2669982910156	29.725700378418	610 Bridge  Houston Ship Channel							noaa				
gl0101	-81.70292	41.49448	 Cuyahoga River							noaa				
gl0201	-83.53022	41.62913	 Maumee River							noaa				
hb0302	-124.224502563477	40.7439994812012	Hookton Channel Day Marker 3							noaa				
hb0401	-124.19661	40.7775	 Chevron Pier							noaa				
jx0302	-81.44217	30.38433	Mile Point LB 20							noaa				
jx0401	-81.49678	30.39097	Fulton Cutoff LB 34							noaa				
jx0601	-81.62594	30.39853	Trout River Cut LB 64							noaa				
kb0101	-81.3731	30.7103	St Marys Entrance  LB 13							noaa				
kb0201	-81.45926	30.71049	Range A  LB 23  St Marys River							noaa				
kb0301	-81.48445	30.72482	Range A2  LB 29  Cumberland Sound							noaa				
kb0401	-81.48902	30.77505	Range E  LB 43  Cumberland Sound							noaa				
lc0101	-93.33118	29.69347	Calcasieu Channel LB 36							noaa				
lc0201	-93.3429	29.76412	 Calcasieu Pass  Cameron Fishing Pier							noaa				
lc0301	-93.2495	30.2178	 Lake Charles City Docks							noaa				
lm0101	-90.07114	29.92244	 First Street Wharf							noaa				
lm0201	-91.20056	30.43547	 Port Allen							noaa				
mb0302	-88.04166	30.73295	 Cochrane Bridge							noaa				
mb0402	-88.03469	30.67083	 APM Terminals							noaa				
mc0101	-91.42967	29.318	 Atchafalaya Bar Channel							noaa				
mg0101	-96.35617	28.44769	Matagorda Ship Channel Marker 19							noaa				
mg0201	-96.3300018310547	28.4266700744629	 Matagorda Entrance Channel							noaa				
mi0101	-80.08335	25.76852	 Miami LB M							noaa				
mi0201	-80.09013	25.76293	Miami LB1							noaa				
mi0301	-80.09685	25.76103	Miami LB3							noaa				
n03020	-74.0381011962891	40.6059989929199	 The Narrows							noaa				
n06010	-74.13889	40.64358	Kill Van Kull LB 14							noaa				
n07010	-74.15555	40.6471	Newark Bay Entrance LB 18							noaa				
nb0301	-71.3970031738281	41.5836982727051	 Quonset Point							noaa				
nl0101	-72.0923	41.39175	Groton  Thames River  Pier 6							noaa				
s06010	-122.12525	38.03463	 Martinez-AMORCO Pier							noaa				
s08010	-122.42233	37.91625	Southampton Shoal Channel LB 6							noaa				
s09010	-122.34434	37.8082	Oakland Outer Harbor LB3							noaa				
s10010	-122.34775	37.80097	Oakland Inner Harbor LB4							noaa				
sn0101	-93.8355	29.6735	Sabine Bank Channel LBB 34							noaa				
sn0201	-93.870002746582	29.7285995483398	 Sabine Pass  USCG Base							noaa				
sn0301	-93.89	29.75806	 Sabine Front Range							noaa				
sn0401	-93.96472	29.82361	 West Port Arthur Bridge							noaa				
sn0501	-93.87111	29.98111	 Rainbow Bridge							noaa				
sn0601	-94.08623	30.07972	 Port of Beaumont							noaa				
sn0701	-93.93111	29.8667	 Port Arthur							noaa				
sn0801	-93.8737030029297	29.7423992156982	 Cheniere LNG							noaa				
t01010	-82.65525	27.62065	 Sunshine Skyway Bridge ADCP							noaa				
t02010	-82.55373	27.86287	 Old Port Tampa							noaa				
t03010	-82.59877	27.66395	 Port Manatee							noaa				
t04010	-82.86742	27.60424	Egmont Channel LB 9							noaa				